name,variant,mib,sample,warmup,elapsed_seconds,user_seconds,system_seconds,minor_page_faults,status
128MiB-baseline-warmup,baseline,128,0,True,3.7450515039963648,1.804714,1.4263059999999999,549651,PASS
128MiB-candidate-warmup,candidate,128,0,True,2.259308409062214,1.5740070000000002,0.3162550000000002,58118,PASS
128MiB-baseline-00,baseline,128,0,False,3.7592919619055465,1.777012,1.4838589999999998,549652,PASS
128MiB-candidate-00,candidate,128,0,False,2.2097872650483623,1.564877,0.2782810000000002,58116,PASS
128MiB-candidate-01,candidate,128,1,False,2.1255551929352805,1.573434999999999,0.20443699999999998,58115,PASS
128MiB-baseline-01,baseline,128,1,False,3.698376020998694,1.7875010000000007,1.4088859999999999,549651,PASS
128MiB-baseline-02,baseline,128,2,False,3.847915671998635,1.8666929999999997,1.4713919999999998,549653,PASS
128MiB-candidate-02,candidate,128,2,False,2.1922561849933118,1.571242999999999,0.2509629999999996,58115,PASS
128MiB-candidate-03,candidate,128,3,False,2.2063759570010006,1.593541,0.22505600000000037,58117,PASS
128MiB-baseline-03,baseline,128,3,False,3.7914994519669563,1.8011079999999993,1.4706629999999992,549653,PASS
128MiB-baseline-04,baseline,128,4,False,3.809414344956167,1.8516349999999981,1.4579810000000002,549648,PASS
128MiB-candidate-04,candidate,128,4,False,2.1856491420185193,1.5865550000000006,0.22351000000000099,58116,PASS
128MiB-candidate-05,candidate,128,5,False,2.1745210719527677,1.5815380000000019,0.22957800000000006,58116,PASS
128MiB-baseline-05,baseline,128,5,False,3.7128759269835427,1.7745919999999984,1.4131,549652,PASS
128MiB-baseline-06,baseline,128,6,False,3.577583653968759,1.717537,1.3791239999999991,549651,PASS
128MiB-candidate-06,candidate,128,6,False,2.25366732198745,1.579346000000001,0.2705370000000009,58117,PASS
128MiB-candidate-07,candidate,128,7,False,2.224190872046165,1.5337880000000013,0.24960199999999944,58116,PASS
128MiB-baseline-07,baseline,128,7,False,3.6952057549497113,1.7928420000000003,1.3867080000000005,549653,PASS
128MiB-baseline-08,baseline,128,8,False,3.7241022469243035,1.8256729999999983,1.3828650000000007,549652,PASS
128MiB-candidate-08,candidate,128,8,False,2.229097237926908,1.5642160000000018,0.28993499999999983,58117,PASS
128MiB-candidate-09,candidate,128,9,False,2.218333301017992,1.6125900000000044,0.23509300000000266,58114,PASS
128MiB-baseline-09,baseline,128,9,False,3.7470021080225706,1.7861229999999964,1.4455639999999974,549653,PASS
256MiB-baseline-warmup,baseline,256,0,True,7.2019305190769956,3.5604349999999982,2.8047509999999996,1075989,PASS
256MiB-candidate-warmup,candidate,256,0,True,4.316880846978165,3.2661250000000024,0.4852109999999996,92932,PASS
256MiB-baseline-00,baseline,256,0,False,7.207193991984241,3.497098000000001,2.868202,1075989,PASS
256MiB-candidate-00,candidate,256,0,False,4.120848512975499,3.1859109999999973,0.39778300000000044,92931,PASS
256MiB-candidate-01,candidate,256,1,False,4.117662118980661,3.0863670000000027,0.48122800000000154,92931,PASS
256MiB-baseline-01,baseline,256,1,False,7.5342714480357245,3.657772999999999,2.9947099999999978,1075985,PASS
256MiB-baseline-02,baseline,256,2,False,7.263734206091613,3.493164,2.927395999999998,1075988,PASS
256MiB-candidate-02,candidate,256,2,False,4.250909358030185,3.228817999999997,0.46958000000000055,92933,PASS
256MiB-candidate-03,candidate,256,3,False,4.217432972975075,3.11641800000001,0.5593569999999985,92933,PASS
256MiB-baseline-03,baseline,256,3,False,7.191741919028573,3.5640639999999877,2.796699000000004,1075984,PASS
256MiB-baseline-04,baseline,256,4,False,7.280339544056915,3.5848429999999922,2.849677,1075988,PASS
256MiB-candidate-04,candidate,256,4,False,4.149175922968425,3.159439000000006,0.44874200000000286,92931,PASS
256MiB-candidate-05,candidate,256,5,False,4.189432026003487,3.133168999999995,0.5119079999999983,92934,PASS
256MiB-baseline-05,baseline,256,5,False,7.2520796010503545,3.558464999999998,2.8562810000000027,1075990,PASS
256MiB-baseline-06,baseline,256,6,False,8.529132705996744,3.535501999999994,3.203820999999998,1075987,PASS
256MiB-candidate-06,candidate,256,6,False,4.186344717047177,3.199721999999994,0.440964000000001,92933,PASS
256MiB-candidate-07,candidate,256,7,False,4.050077032065019,3.106611000000001,0.39837699999999643,92932,PASS
256MiB-baseline-07,baseline,256,7,False,7.208887787070125,3.4492770000000093,2.862864000000002,1075987,PASS
256MiB-baseline-08,baseline,256,8,False,7.445188910001889,3.591945999999993,3.007294999999999,1075988,PASS
256MiB-candidate-08,candidate,256,8,False,4.104935202980414,3.150110000000012,0.40105599999999697,92932,PASS
256MiB-candidate-09,candidate,256,9,False,4.024099585949443,3.107432000000003,0.36664799999999786,92931,PASS
256MiB-baseline-09,baseline,256,9,False,7.2822781780269,3.5019070000000028,2.9474379999999982,1075987,PASS
